{"cameraMode":{"drawMode":0,"name":"Shaded","section":"Shading Mode"},"sceneLighting":false,"audioPlay":false,"sceneViewState":{"showFog":true,"showMaterialUpdate":false,"showSkybox":true,"showFlares":true,"showImageEffects":true,"showParticleSystems":true},"in2DMode":false,"pivot":{"x":-0.2727387547492981,"y":-0.43093162775039675,"z":-3.713505983352661},"rotation":{"x":-0.007967517711222172,"y":0.9807149767875671,"z":-0.19096125662326814,"w":-0.04091867431998253},"size":10.0,"orthographic":false}